longitude,latitude,ground_height_m,label
13.25878286,52.55826597,36.271,Baum mit Zaun
13.2591909,52.55803484,36.294,kleiner Baum mit Zaun
13.25848639,52.55805886,36.356,mittlerer Baum mit Zaun
13.2587025,52.55825946,36.266,Baum ohne Zaun
13.25876133,52.5582194,36.076,Hinternis 1
13.25683803,52.55596714,36.4565,Baum am Zaun 1
13.25708044,52.55599142,36.4585,Baum am Zaun 2
13.25698121,52.55606002,36.414,Baum am Zaun 3
13.25676528,52.55596855,36.372,Hindernis 2
13.25676263,52.55593992,36.373,Hindernis 3
13.25684826,52.55559483,36.305,Baum am Zaun ohne Zaun 1
13.25698811,52.55548367,36.2965,Baum am Zaun ohne Zaun 2
13.25698276,52.55542531,36.2175,Baum am Zaun ohne Zaun 3
13.25706195,52.55537616,36.199,Baum am Zaun ohne Zaun 4
13.25727513,52.55541803,36.3095,Baum am Zaun ohne Zaun 5
13.25707073,52.55544099,36.1665,Kuhle 1
13.25701018,52.55545186,36.166,Kuhle 2
13.25694458,52.55544604,36.181,Kuhle 3
13.25688593,52.55543583,36.108,Kuhle 4
13.25689717,52.55541206,36.1235,Kuhle 5
13.25679569,52.55544078,36.3605,Referenz
